Accuracy,Precision,F1_Score
0.8647692307692307,0.8661857585100565,0.8651255340532754
